id,Estimate!!Median income (dollars)!!HOUSEHOLD INCOME BY RACE AND HISPANIC OR LATINO ORIGIN OF HOUSEHOLDER!!Households
13001950100,57365
13001950200,35475
13001950300,38017
13001950400,44336
13001950500,41555
13003960100,32157
13003960200,39655
13003960300,39375
13005970100,44022
13005970201,46563
13005970202,30863
13007960100,27266
13007960200,41063
13009970100,63948
13009970200,53349
13009970300,71754
13009970400,40685
13009970500,19408
13009970600,25497
13009970701,20912
13009970702,41875
13009970800,42356
13011970100,48234
13011970200,48913
13011970300,48430
13011970400,42025
13013180103,94730
13013180104,56779
13013180105,82784
13013180106,51012
13013180107,54958
13013180108,56000
13013180203,30339
13013180204,56827
13013180205,45549
13013180206,68661
13013180301,64792
13013180302,60625
13013180303,67273
13013180401,72256
13013180402,62667
13013180501,73866
13013180502,62212
13013180503,68469
13015960101,63125
13015960102,73497
13015960200,49531
13015960300,65576
13015960401,47885
13015960402,61650
13015960500,62716
13015960600,53471
13015960700,44015
13015960801,53527
13015960802,40551
13015960803,53636
13015960901,58240
13015960902,66733
13015961000,70000
13017960100,42115
13017960200,53681
13017960300,38613
13017960400,24012
13017960500,26422
13019970100,40217
13019970200,38902
13019970300,42539
13019970400,30845
13019970500,45440
13019970600,41406
13021010100,18542
13021010200,32578
13021010300,23792
13021010400,23281
13021010500,12788
13021010800,31667
13021011000,25220
13021011100,14865
13021011500,13750
13021011701,33347
13021011702,34300
13021011800,63504
13021011900,35061
13021012000,64503
13021012101,58229
13021012102,51070
13021012200,36071
13021012300,21205
13021012400,22361
13021012500,18387
13021012600,29082
13021012700,12891
13021012800,19122
13021012900,23846
13021013101,31555
13021013102,32363
13021013201,34544
13021013202,26339
13021013302,34886
13021013407,46630
13021013408,89600
13021013409,55132
13021013410,91116
13021013411,71875
13021013502,41523
13021013503,54375
13021013504,69118
13021013603,66996
13021013604,55000
13021013605,70379
13021013606,77143
13021013700,22439
13021013800,19063
13021013900,34261
13023790100,52849
13023790200,32014
13023790300,49940
13025960100,39881
13025960200,32080
13025960300,41158
13027960200,31359
13027960300,46957
13027960400,31076
13027960500,34965
13027960600,40833
13029920101,50125
13029920102,43323
13029920301,69107
13029920303,44596
13029920305,110750
13029920306,97172
13029980000,-
13031110100,41474
13031110200,43842
13031110300,62368
13031110401,24818
13031110403,23613
13031110404,29909
13031110500,46367
13031110601,58063
13031110602,39503
13031110700,58786
13031110800,43929
13031110900,47069
13033950100,67266
13033950200,47951
13033950400,30691
13033950500,45324
13033950700,37124
13033950900,45421
13035150100,56292
13035150200,39986
13035150300,43511
13037950100,43542
13037950200,30303
13039010100,53682
13039010200,70269
13039010301,44767
13039010302,48375
13039010401,62237
13039010402,85662
13039010403,81970
13039010500,40913
13039010601,38788
13039010602,55556
13039990000,-
13043950100,28212
13043950200,37792
13043950300,45833
13045910101,52500
13045910103,70526
13045910104,61494
13045910200,58781
13045910300,48596
13045910400,44850
13045910501,38916
13045910502,20167
13045910600,62132
13045910701,52351
13045910702,76841
13045910703,48595
13045910800,51037
13045910900,58707
13045911000,68179
13045911100,55677
13045911200,48029
13047030100,51455
13047030201,52178
13047030202,67568
13047030301,67318
13047030303,64966
13047030304,70333
13047030401,72078
13047030402,59625
13047030500,40594
13047030600,55694
13047030700,39254
13049010100,39746
13049010200,58333
13051000100,12048
13051000300,60313
13051000601,22222
13051000900,45417
13051001100,37277
13051001200,15357
13051001500,21208
13051002000,27813
13051002100,39450
13051002200,38295
13051002300,26885
13051002600,47853
13051002700,32166
13051002800,32008
13051002900,94375
13051003000,72670
13051003301,34102
13051003302,40536
13051003400,56063
13051003501,25570
13051003502,40160
13051003601,27093
13051003602,34141
13051003700,45870
13051003800,43993
13051003900,48712
13051004001,53494
13051004002,42768
13051004100,63967
13051004207,41314
13051004208,42593
13051004209,41411
13051004210,41857
13051004211,66086
13051004212,54000
13051004300,46094
13051004400,28428
13051004500,31465
13051010101,67083
13051010102,56214
13051010200,63811
13051010501,39713
13051010502,38500
13051010601,41713
13051010603,58836
13051010605,-
13051010700,90393
13051010801,62373
13051010802,71161
13051010803,64704
13051010806,62276
13051010807,77996
13051010808,58111
13051010809,77892
13051010901,23787
13051011003,63250
13051011004,121473
13051011005,95649
13051011006,88821
13051011103,82147
13051011104,70224
13051011106,71210
13051011107,92428
13051011108,89459
13051011109,90305
13051011200,61477
13051011300,32833
13051011400,24552
13051011500,89063
13051011600,38583
13051980000,-
13051990000,-
13053020100,36406
13053020201,64400
13053020203,53214
13053020205,49798
13053020206,-
13055010100,50068
13055010200,36226
13055010300,39583
13055010400,36935
13055010500,27817
13055010600,44779
13057090100,74284
13057090200,89522
13057090300,84120
13057090400,46118
13057090501,91726
13057090502,126988
13057090601,54676
13057090602,70282
13057090701,90392
13057090702,72299
13057090802,100536
13057090803,103239
13057090804,97135
13057090901,105368
13057090902,90045
13057090904,64873
13057090905,63723
13057091001,53031
13057091003,50705
13057091005,66288
13057091006,111574
13057091007,103387
13057091008,91549
13057091101,88310
13057091102,74137
13057091103,73997
13059000100,8906
13059000401,19871
13059000402,7861
13059000600,21000
13059000900,19720
13059001200,62500
13059001700,61696
13059001800,48185
13059001900,45917
13059002000,51094
13059002100,23914
13059002200,51736
13059030100,20066
13059030200,21060
13059130300,41637
13059130400,64806
13059130500,60625
13059130600,41205
13059130700,60164
13059140300,33426
13059140400,36159
13059140500,20111
13059140600,43342
13059150300,59500
13059150400,26442
13059150500,23302
13059150600,33936
13059150700,43464
13059150800,67132
13059150900,74353
13061960300,22325
13063040202,33276
13063040203,39656
13063040204,42169
13063040302,35301
13063040303,38023
13063040306,35434
13063040307,41083
13063040308,28422
13063040407,49271
13063040408,44551
13063040409,49519
13063040410,49719
13063040411,57924
13063040412,46530
13063040413,54265
13063040414,40313
13063040415,31851
13063040416,53750
13063040417,40231
13063040509,64849
13063040510,49265
13063040512,41016
13063040513,63980
13063040514,43905
13063040515,38977
13063040516,56328
13063040518,43841
13063040519,33934
13063040520,37731
13063040521,45682
13063040522,38917
13063040523,41688
13063040524,48433
13063040525,42925
13063040526,54334
13063040606,45800
13063040608,68047
13063040609,58750
13063040611,40995
13063040612,34517
13063040613,75135
13063040614,95603
13063040615,62153
13063040616,58379
13063040617,33359
13063040619,66216
13063040620,72700
13063040621,62705
13063040622,51672
13063980000,-
13065970100,28913
13065970200,19297
13067030101,89819
13067030103,89863
13067030104,52119
13067030106,64326
13067030107,100857
13067030209,110000
13067030214,90469
13067030215,75463
13067030218,147696
13067030219,121469
13067030220,91838
13067030222,111122
13067030223,76559
13067030224,84429
13067030226,85264
13067030227,65673
13067030228,50172
13067030229,67768
13067030230,79243
13067030231,109602
13067030232,108375
13067030233,102868
13067030234,118810
13067030235,105819
13067030236,145938
13067030238,113047
13067030239,131750
13067030310,78692
13067030311,85197
13067030312,70437
13067030313,94408
13067030314,109192
13067030318,150164
13067030319,98938
13067030320,95114
13067030322,103639
13067030324,101250
13067030326,156037
13067030327,115223
13067030328,136076
13067030329,107072
13067030330,126546
13067030331,115375
13067030332,133646
13067030333,140345
13067030334,123966
13067030335,153889
13067030336,180536
13067030337,169188
13067030339,75532
13067030340,160750
13067030341,121167
13067030342,123281
13067030343,127375
13067030344,49206
13067030345,71676
13067030405,49406
13067030407,74196
13067030408,77577
13067030409,120156
13067030410,67993
13067030411,38994
13067030412,46094
13067030413,50325
13067030414,44578
13067030502,96667
13067030504,83611
13067030505,51744
13067030506,65259
13067030507,84545
13067030601,66991
13067030602,92684
13067030700,45298
13067030800,54205
13067030901,78655
13067030902,63838
13067030904,43158
13067030905,69261
13067031001,29016
13067031002,36536
13067031004,44507
13067031005,70771
13067031101,59093
13067031106,76182
13067031108,57610
13067031110,66154
13067031111,86115
13067031112,101548
13067031113,45917
13067031114,56370
13067031115,75123
13067031116,50054
13067031117,90967
13067031118,84936
13067031205,87910
13067031206,79192
13067031207,78977
13067031208,73611
13067031209,149583
13067031211,82330
13067031212,184000
13067031306,78824
13067031307,84342
13067031308,53227
13067031309,52960
13067031310,38231
13067031311,44250
13067031312,86808
13067031313,117366
13067031404,78671
13067031405,58530
13067031406,45363
13067031408,57975
13067031409,58739
13067031503,65530
13067031505,72940
13067031506,56458
13067031507,68688
13067031508,72361
13067031509,81583
13069010100,38395
13069010200,46887
13069010300,40409
13069010400,41725
13069010500,36760
13069010600,54107
13069010700,39408
13069010801,29716
13069010802,40250
13071970100,38750
13071970200,39615
13071970300,25833
13071970400,31914
13071970500,50000
13071970600,42342
13071970701,36331
13071970702,19137
13071970800,41528
13071970900,38786
13073030102,135465
13073030103,113229
13073030105,81575
13073030106,59450
13073030201,85354
13073030202,65000
13073030203,68898
13073030302,64644
13073030304,102138
13073030306,82255
13073030307,104232
13073030308,118042
13073030309,105750
13073030401,65938
13073030402,85000
13073030503,64701
13073030504,68819
13073030505,72593
13073030506,67807
13073030603,52699
13075960100,39653
13075960200,32311
13075960300,47808
13075960400,41935
13077170100,70008
13077170200,54070
13077170303,113257
13077170304,84496
13077170305,41199
13077170306,81297
13077170402,101437
13077170403,104661
13077170404,81150
13077170405,93811
13077170406,86741
13077170501,77542
13077170502,80625
13077170503,86981
13077170601,42679
13077170602,104295
13077170603,88521
13077170700,46250
13077170801,69344
13077170802,71908
13079070100,33917
13079070201,49009
13079070202,40625
13081010100,28338
13081010201,40058
13081010202,39222
13081010300,41918
13081010400,33065
13081010500,44408
13083040101,40453
13083040102,38877
13083040200,57574
13083040300,47802
13085970100,61507
13085970201,81979
13085970202,68011
13087970100,43185
13087970200,44688
13087970300,34506
13087970400,30366
13087970600,52517
13087970700,43533
13087970800,46731
13089020100,170096
13089020200,84867
13089020300,147614
13089020400,106103
13089020500,65694
13089020600,63313
13089020700,95417
13089020801,94662
13089020802,73981
13089020900,71618
13089021101,166563
13089021102,110504
13089021202,127957
13089021204,28242
13089021208,74922
13089021209,80692
13089021210,168967
13089021211,106389
13089021213,154063
13089021214,172279
13089021215,100348
13089021216,86828
13089021217,106216
13089021218,60254
13089021301,46667
13089021303,43309
13089021305,55109
13089021306,50118
13089021307,50362
13089021308,52813
13089021405,126644
13089021409,50666
13089021410,62951
13089021411,92404
13089021412,115759
13089021413,47885
13089021414,53222
13089021415,111827
13089021416,108203
13089021417,54575
13089021502,72537
13089021503,57381
13089021504,77708
13089021602,85417
13089021603,66425
13089021604,159306
13089021605,82454
13089021703,149306
13089021704,105033
13089021705,42679
13089021706,88778
13089021805,76066
13089021806,68216
13089021808,85543
13089021809,99337
13089021810,74539
13089021812,72935
13089021813,44883
13089021814,39085
13089021906,46448
13089021907,55048
13089021908,36250
13089021909,37269
13089021910,42305
13089021911,27835
13089021912,164926
13089021913,32983
13089022001,66638
13089022004,53341
13089022005,39266
13089022007,39216
13089022008,32672
13089022009,41042
13089022010,59583
13089022100,44135
13089022203,66731
13089022204,68523
13089022301,73819
13089022302,89146
13089022401,110775
13089022402,32083
13089022403,174531
13089022500,90648
13089022600,82131
13089022700,136324
13089022800,136711
13089022900,79400
13089023000,83021
13089023101,56487
13089023102,39961
13089023107,51222
13089023108,32258
13089023111,62969
13089023112,29786
13089023113,40542
13089023114,51105
13089023115,-
13089023204,56263
13089023206,43190
13089023208,41216
13089023209,59983
13089023210,33682
13089023211,49980
13089023212,60033
13089023213,42517
13089023214,48150
13089023303,48638
13089023306,74544
13089023309,46509
13089023310,40830
13089023311,82019
13089023312,72651
13089023313,55143
13089023314,53858
13089023315,77260
13089023316,69120
13089023410,34132
13089023411,42606
13089023412,52180
13089023413,70811
13089023414,69542
13089023416,59340
13089023418,51555
13089023419,69087
13089023421,43165
13089023422,66552
13089023423,80858
13089023424,64375
13089023425,73652
13089023426,74083
13089023427,62969
13089023428,39408
13089023501,32000
13089023504,35611
13089023505,38231
13089023506,45924
13089023507,47012
13089023601,72303
13089023602,43100
13089023603,38156
13089023700,47712
13089023801,81103
13089023802,44676
13089023803,56821
13089980000,-
13091960100,39821
13091960200,39196
13091960300,43214
13091960400,36549
13091960500,42440
13091960600,32364
13093970100,36711
13093970200,37674
13093970300,40027
13095000100,28474
13095000200,19083
13095000400,40688
13095000501,56752
13095000502,70139
13095000600,40119
13095000700,50977
13095000800,13558
13095000900,31292
13095001000,36179
13095001100,30220
13095001403,21949
13095001500,18566
13095010302,23062
13095010401,83092
13095010402,39136
13095010403,78424
13095010500,50216
13095010601,19206
13095010602,33750
13095010700,23779
13095010900,46477
13095011000,57995
13095011200,41761
13095011300,43790
13095011400,19056
13095011600,56607
13097080102,63078
13097080103,48239
13097080201,65668
13097080202,55116
13097080301,43484
13097080303,41587
13097080304,39140
13097080402,86988
13097080403,73622
13097080404,70167
13097080505,48619
13097080506,61654
13097080507,72368
13097080508,64468
13097080509,88580
13097080510,77971
13097080511,99850
13097080602,73889
13097080603,81139
13097080604,66120
13099090100,33059
13099090200,27279
13099090300,38214
13099090400,28357
13099090500,29728
13101880100,44479
13101880200,37813
13103030100,60859
13103030202,57064
13103030203,59485
13103030204,62284
13103030301,100782
13103030303,75085
13103030304,60714
13103030305,67112
13103030401,70162
13103030402,73138
13105000100,37821
13105000200,37738
13105000300,41304
13105000400,35793
13105000500,39819
13107970100,37279
13107970200,31607
13107970300,40208
13107970400,35260
13107970500,41635
13107970600,38259
13109970100,35915
13109970200,52426
13109970300,36486
13111050100,41440
13111050200,41098
13111050300,51339
13111050400,49576
13111050500,60236
13113140101,78607
13113140102,73881
13113140203,94515
13113140204,86016
13113140206,128284
13113140207,115500
13113140208,86880
13113140303,89493
13113140304,93657
13113140305,97396
13113140306,87547
13113140307,188828
13113140403,83958
13113140404,79271
13113140405,111544
13113140406,52778
13113140407,72946
13113140408,100142
13113140501,102739
13113140502,80602
13115000100,43377
13115000201,58508
13115000202,69592
13115000300,64261
13115000400,65041
13115000500,27358
13115000600,31212
13115000700,67515
13115000800,70085
13115000900,58717
13115001100,21645
13115001200,47657
13115001300,38738
13115001400,69441
13115001600,29650
13115001701,59059
13115001702,38903
13115001800,44291
13115002000,51129
13115002100,28889
13117130101,92500
13117130102,83125
13117130103,74773
13117130104,88854
13117130105,45083
13117130201,98111
13117130202,114572
13117130203,90221
13117130204,74055
13117130205,73409
13117130301,117995
13117130302,128869
13117130303,92988
13117130304,132813
13117130305,118513
13117130306,124886
13117130307,113919
13117130403,73750
13117130404,145000
13117130405,113833
13117130406,78486
13117130408,63000
13117130409,66000
13117130410,47813
13117130503,109643
13117130504,79653
13117130505,92805
13117130506,93750
13117130507,78352
13117130508,129375
13117130509,92770
13117130510,127500
13117130601,90605
13117130602,103170
13117130603,143393
13117130604,161375
13117130605,128085
13117130606,118147
13117130607,136422
13117130608,138893
13117130609,140441
13117130610,153958
13117130611,149539
13117130612,143625
13117130613,102074
13119890101,39477
13119890102,53068
13119890200,47440
13119890300,49375
13119890400,27199
13121000100,168396
13121000200,158011
13121000400,97257
13121000500,90140
13121000600,53686
13121000700,84107
13121001001,103846
13121001002,31042
13121001100,109426
13121001201,80476
13121001202,93143
13121001300,76188
13121001400,84167
13121001500,66490
13121001600,78182
13121001700,94750
13121001800,49486
13121001900,62656
13121002100,68618
13121002300,26683
13121002400,28056
13121002500,30283
13121002600,33611
13121002800,33165
13121002900,71210
13121003000,113125
13121003100,62250
13121003200,111830
13121003500,53889
13121003600,53152
13121003700,23684
13121003800,20625
13121003900,33000
13121004000,32417
13121004100,54208
13121004200,18913
13121004300,36750
13121004400,23587
13121004800,19612
13121004900,84655
13121005000,75570
13121005200,111759
13121005300,102303
13121005501,37647
13121005502,21804
13121005700,25170
13121005800,42679
13121006000,38708
13121006100,29323
13121006200,37500
13121006300,31483
13121006400,30395
13121006500,50163
13121006601,44250
13121006602,25375
13121006700,25651
13121006801,-
13121006802,14375
13121006900,73429
13121007001,29528
13121007002,45451
13121007100,25489
13121007200,27083
13121007300,32044
13121007400,19740
13121007500,26205
13121007602,32500
13121007603,13456
13121007604,21863
13121007703,44452
13121007704,35814
13121007705,25906
13121007706,45101
13121007802,51388
13121007805,31174
13121007806,41529
13121007807,24398
13121007808,12485
13121007900,61125
13121008000,43854
13121008101,44878
13121008102,27119
13121008201,38080
13121008202,27093
13121008301,25060
13121008302,28318
13121008400,24183
13121008500,24890
13121008601,22696
13121008602,37708
13121008700,33732
13121008800,103385
13121008902,72432
13121008903,75978
13121008904,85517
13121009000,111146
13121009101,79489
13121009102,59444
13121009200,71482
13121009300,106128
13121009402,75088
13121009403,63269
13121009404,81004
13121009501,185521
13121009502,86053
13121009601,107386
13121009602,102778
13121009603,83243
13121009700,208750
13121009801,125375
13121009802,165583
13121009900,152500
13121010001,108197
13121010002,146182
13121010106,81952
13121010107,203636
13121010108,126711
13121010110,73727
13121010113,61583
13121010114,72450
13121010115,127688
13121010117,60731
13121010118,55023
13121010119,56402
13121010120,77500
13121010121,90451
13121010122,90586
13121010123,77969
13121010204,171875
13121010205,103828
13121010206,192375
13121010208,72022
13121010209,61575
13121010210,82212
13121010211,142750
13121010212,67350
13121010301,75636
13121010303,71457
13121010304,80641
13121010400,50980
13121010507,43986
13121010508,59474
13121010510,48051
13121010511,56719
13121010512,40215
13121010513,48344
13121010514,66144
13121010515,55883
13121010516,59783
13121010601,34508
13121010603,34830
13121010604,36044
13121010800,44881
13121011000,23546
13121011100,60333
13121011201,35670
13121011202,44614
13121011301,50893
13121011303,45942
13121011305,36707
13121011306,33587
13121011405,85081
13121011410,117157
13121011411,85114
13121011412,91222
13121011414,80389
13121011416,109417
13121011417,96635
13121011418,160820
13121011419,124358
13121011420,48988
13121011421,50326
13121011422,70833
13121011423,128085
13121011424,95410
13121011425,162672
13121011426,126375
13121011427,126452
13121011503,168750
13121011504,236149
13121011505,166938
13121011506,165266
13121011610,114464
13121011611,68620
13121011612,150901
13121011613,110066
13121011614,74184
13121011615,161263
13121011616,104176
13121011617,144125
13121011618,122857
13121011619,93750
13121011620,141513
13121011621,157692
13121011622,149583
13121011623,121389
13121011624,196016
13121011625,122361
13121011626,102699
13121011800,30972
13121011900,25699
13121012000,27188
13121012300,52188
13121980000,-
13123080100,49132
13123080200,56893
13123080300,52083
13123080400,48292
13123080500,54824
13125010100,45000
13127000101,64659
13127000102,76212
13127000200,93393
13127000300,104861
13127000401,52991
13127000403,70500
13127000404,60291
13127000501,27283
13127000503,42222
13127000504,47361
13127000600,41932
13127000700,29905
13127000800,25756
13127000900,32120
13127001000,64918
13127990000,-
13129970100,50972
13129970200,46739
13129970300,36536
13129970400,42475
13129970500,38568
13129970600,35393
13129970700,49315
13129970800,62212
13129970900,56020
13131950100,50250
13131950200,46853
13131950300,40000
13131950400,31570
13131950500,46632
13131950600,46410
13133950100,38000
13133950200,32193
13133950301,126250
13133950302,78929
13133950303,38133
13133950400,31719
13133950500,56167
13135050103,80772
13135050105,53785
13135050106,66351
13135050107,102874
13135050108,129112
13135050109,70771
13135050205,67652
13135050208,65292
13135050209,53272
13135050210,78525
13135050211,44870
13135050212,139097
13135050213,113591
13135050214,92990
13135050215,64306
13135050216,83193
13135050217,91451
13135050218,68529
13135050219,67188
13135050220,57845
13135050304,43917
13135050306,47011
13135050308,151875
13135050309,108786
13135050310,70102
13135050311,104302
13135050313,51794
13135050314,49054
13135050315,53693
13135050317,41711
13135050318,47321
13135050319,43355
13135050320,42500
13135050321,143875
13135050322,151364
13135050410,53415
13135050415,75036
13135050416,67833
13135050417,35882
13135050418,37970
13135050419,51930
13135050421,50511
13135050422,39133
13135050423,58067
13135050424,47539
13135050425,102500
13135050426,80320
13135050427,84151
13135050428,94792
13135050429,104697
13135050430,72937
13135050431,45816
13135050432,61027
13135050433,46675
13135050434,47747
13135050435,55438
13135050436,47200
13135050511,65399
13135050520,41512
13135050521,58897
13135050522,34704
13135050523,60363
13135050524,53594
13135050525,89475
13135050526,41696
13135050527,88662
13135050528,103423
13135050529,67361
13135050530,95072
13135050531,62075
13135050532,67769
13135050533,57518
13135050534,69268
13135050535,60948
13135050536,57426
13135050537,42513
13135050538,85862
13135050539,45729
13135050540,70506
13135050541,40551
13135050542,52640
13135050543,66901
13135050544,85293
13135050545,65249
13135050546,75927
13135050547,77736
13135050548,85682
13135050549,80490
13135050605,84466
13135050606,90338
13135050607,95308
13135050608,90029
13135050609,98038
13135050610,118623
13135050709,64571
13135050712,98886
13135050713,106287
13135050714,89444
13135050715,79971
13135050718,97043
13135050719,53875
13135050720,70899
13135050721,75042
13135050722,64496
13135050723,86563
13135050724,86588
13135050725,67525
13135050726,69422
13135050727,99072
13135050728,94167
13135050729,64152
13135050730,70779
13135050731,65704
13137000100,49000
13137000201,50176
13137000202,60083
13137000300,49440
13137000400,61613
13137000500,49551
13137000601,48250
13137000602,40693
13139000101,48328
13139000102,61860
13139000201,58043
13139000203,61220
13139000204,81071
13139000302,65909
13139000303,83000
13139000304,71163
13139000305,62083
13139000400,70443
13139000500,69355
13139000600,46883
13139000701,50144
13139000702,59907
13139000800,21788
13139000900,60159
13139001002,66639
13139001003,33030
13139001004,52891
13139001101,31851
13139001102,48641
13139001201,52912
13139001202,47905
13139001301,61576
13139001302,83654
13139001402,68723
13139001403,60321
13139001404,59129
13139001501,69375
13139001502,75195
13139001603,87770
13139001604,99088
13139001605,117950
13139001606,61202
13139001607,74769
13139001608,93283
13141480300,43708
13141480400,29624
13143010100,56071
13143010200,49091
13143010301,48239
13143010302,52609
13143010400,45023
13145120198,57813
13145120200,52906
13145120300,88830
13145120401,98152
13145120402,81300
13147960100,53073
13147960200,55781
13147960300,42866
13147960400,37385
13147960500,40926
13149970100,39952
13149970200,55609
13149970300,61154
13151070104,67665
13151070106,58134
13151070107,69966
13151070108,67159
13151070109,70174
13151070110,82901
13151070111,52259
13151070113,47566
13151070114,48986
13151070202,102759
13151070203,104632
13151070204,88135
13151070205,72316
13151070304,48983
13151070305,94963
13151070306,71927
13151070307,78520
13151070309,96082
13151070310,92083
13151070311,48146
13151070402,79688
13151070403,62479
13151070404,64528
13151070501,63170
13151070502,77692
13153020105,48689
13153020106,73049
13153020108,51823
13153020109,66423
13153020200,36737
13153020300,24491
13153020400,15922
13153020600,64479
13153020700,29241
13153020800,60156
13153020900,52351
13153021000,40783
13153021103,95254
13153021104,55694
13153021105,48969
13153021107,73582
13153021108,83415
13153021113,92344
13153021201,92423
13153021202,52361
13153021300,47105
13153021400,65545
13153021500,72396
13155950100,39590
13155950200,34583
13157010101,74776
13157010102,82371
13157010103,85176
13157010200,48750
13157010300,45950
13157010400,54353
13157010500,51017
13157010600,67978
13157010701,57417
13157010702,61854
13157010703,89028
13159010100,56250
13159010200,54138
13159010500,47908
13161960100,34868
13161960200,37370
13161960300,40741
13163960100,36895
13163960200,46250
13163960300,26623
13163960400,33110
13165960100,26072
13165960200,37315
13167960100,44961
13167960200,37756
13167960300,53224
13169030101,66667
13169030103,70313
13169030104,42519
13169030200,48938
13169030301,55966
13169030302,60878
13171970100,56344
13171970200,44536
13171970300,33507
13173950100,36484
13173950200,41532
13175950100,38364
13175950201,50930
13175950202,62977
13175950300,41597
13175950400,27019
13175950500,32165
13175950600,56522
13175950700,38519
13175950800,38465
13175950900,18299
13175951000,34949
13175951100,35165
13175951400,39414
13177020100,57699
13177020200,43782
13177020300,57938
13177020402,69792
13177020403,103323
13179010101,40318
13179010102,62661
13179010103,41831
13179010202,43125
13179010204,36967
13179010205,63111
13179010206,51818
13179010207,48731
13179010208,50746
13179010300,49112
13179010400,46259
13179010501,54563
13179010502,52201
13179010600,42383
13179990000,-
13181970100,37188
13181970200,40779
13183970100,59286
13183970200,53081
13183980000,-
13185010101,46383
13185010102,56672
13185010103,75750
13185010201,76843
13185010202,78792
13185010301,57776
13185010302,71607
13185010401,43750
13185010402,35526
13185010500,26532
13185010601,31747
13185010604,56810
13185010700,56563
13185010800,18867
13185010900,28967
13185011000,17313
13185011100,31500
13185011200,38038
13185011301,16834
13185011302,21915
13185011401,62292
13185011402,28508
13185011403,34455
13185011500,51250
13185011600,49931
13187960101,57070
13187960102,68537
13187960201,51202
13187960202,35881
13189950100,62404
13189950200,35625
13189950300,31901
13189950400,44192
13189950500,45503
13191110100,76842
13191110200,46296
13191110300,44688
13191980000,-
13191990000,-
13193000100,22394
13193000200,37308
13193000300,30903
13193000400,36356
13195020100,44242
13195020200,57765
13195020300,41910
13195020400,65750
13195020500,54530
13195020600,55170
13197920100,49951
13197920200,41222
13199970500,36139
13199970600,37976
13199970700,42500
13199970800,33457
13201950100,38221
13201950200,40368
13201950300,51824
13205090100,48659
13205090200,30984
13205090300,22182
13205090400,38195
13205090500,41654
13207050101,53453
13207050102,35417
13207050200,38309
13207050301,63281
13207050302,85298
13209950100,60208
13209950200,36197
13209950300,44875
13211010100,58750
13211010200,55179
13211010300,66514
13211010400,74500
13211010500,71645
13213010100,45672
13213010201,56458
13213010202,58029
13213010300,38042
13213010400,44606
13213010500,54167
13213010600,50436
13213010700,36992
13215000200,51957
13215000300,25104
13215000400,47292
13215000800,31853
13215000900,45164
13215001000,62500
13215001100,76631
13215001200,51481
13215001400,17578
13215001600,17367
13215001800,18250
13215002000,29042
13215002100,40093
13215002200,28074
13215002300,33482
13215002400,14521
13215002500,9300
13215002700,17903
13215002800,21223
13215002901,29583
13215002902,25750
13215003000,16982
13215003200,20671
13215003301,28571
13215003302,21860
13215003400,19070
13215010104,57738
13215010106,55625
13215010107,90316
13215010201,82686
13215010203,76391
13215010204,63681
13215010205,58349
13215010301,127609
13215010302,86532
13215010401,66743
13215010402,52788
13215010501,42209
13215010502,38653
13215010602,42201
13215010605,41900
13215010606,-
13215010607,38304
13215010608,41284
13215010701,40928
13215010702,42850
13215010703,37696
13215010801,62326
13215010802,60610
13215011100,33306
13215011200,34932
13215011400,27056
13215011500,32114
13217100100,69006
13217100201,69564
13217100202,97578
13217100300,52823
13217100400,49836
13217100501,60797
13217100502,55722
13217100600,43031
13217100700,39555
13217100800,55948
13217100901,58675
13217100902,52837
13217100903,46080
13219030100,89539
13219030200,81803
13219030300,100268
13219030400,92090
13219030500,86250
13219030600,94740
13221960100,43500
13221960201,47722
13221960202,41740
13221960300,66250
13223120101,101836
13223120102,76960
13223120103,87904
13223120104,81048
13223120202,53491
13223120203,78553
13223120204,74471
13223120301,48170
13223120302,44804
13223120303,59952
13223120400,56865
13223120501,65884
13223120502,64742
13223120503,67969
13223120601,64943
13223120602,89539
13223120603,67690
13223120604,81944
13223120605,74086
13225040101,77162
13225040102,54257
13225040200,34044
13225040301,51584
13225040302,19754
13225040400,29497
13227050100,94013
13227050200,57325
13227050300,58438
13227050400,64662
13227050500,59545
13227050600,64706
13229960100,50045
13229960200,52969
13229960300,37813
13229960400,39945
13231010100,63788
13231010200,71250
13231010300,63973
13231010400,63226
13233010100,43882
13233010200,53193
13233010300,37149
13233010400,39986
13233010500,44541
13233010600,50667
13233010700,49911
13235950100,47500
13235950200,46890
13235950300,37885
13237960101,51950
13237960102,68750
13237960201,38542
13237960202,38148
13237960300,62483
13239960300,26667
13241970100,43775
13241970201,41597
13241970202,37050
13241970301,48173
13241970302,41071
13243790100,35234
13243790200,31467
13245000100,48650
13245000200,19984
13245000300,23516
13245000600,19350
13245000700,23125
13245000900,23778
13245001000,44118
13245001100,90764
13245001200,34115
13245001300,42917
13245001400,27321
13245001500,17772
13245001601,18007
13245001602,78396
13245010101,56387
13245010104,51088
13245010105,55637
13245010106,52825
13245010107,49858
13245010201,94635
13245010203,46219
13245010204,60100
13245010300,25172
13245010400,16667
13245010504,37660
13245010506,24311
13245010507,35039
13245010508,31909
13245010509,40856
13245010510,38263
13245010511,27681
13245010512,38409
13245010513,53313
13245010600,25213
13245010706,46071
13245010707,52639
13245010708,40938
13245010709,60260
13245010710,36704
13245010711,55521
13245010712,56726
13245010800,52422
13245010903,61975
13245010904,43534
13245010905,37478
13245010906,59155
13245011000,15162
13247060101,67048
13247060102,64428
13247060201,38269
13247060202,74189
13247060304,45486
13247060305,50156
13247060306,75955
13247060307,65995
13247060308,50530
13247060309,39056
13247060403,69306
13247060404,66244
13247060405,77429
13247060406,76657
13247060407,70987
13249960100,33500
13249960200,58030
13251970200,45650
13251970300,40677
13251970400,35512
13251970500,38705
13251970600,58800
13253200100,34071
13253200200,29538
13253200300,44679
13255160100,44548
13255160200,69110
13255160300,22868
13255160400,28935
13255160500,49003
13255160600,54977
13255160700,45487
13255160800,30131
13255160900,34333
13255161000,57296
13255161100,60938
13255161200,50233
13257970100,55273
13257970200,64329
13257970301,26616
13257970302,35420
13257970400,45139
13259950100,29468
13259950400,30833
13261950100,42532
13261950200,48952
13261950300,34067
13261950400,37545
13261950500,49286
13261950600,26922
13261950700,29675
13261950800,49112
13263960100,36964
13263960200,40041
13263960300,37188
13265010200,37446
13267950100,39063
13267950201,35762
13267950202,35833
13267950300,44038
13267950400,52153
13269950100,37047
13269950200,35199
13269950300,29057
13271950100,30288
13271950200,55714
13271950500,31738
13273120200,40438
13273120300,27582
13273120400,33664
13273120500,50529
13275960100,35391
13275960200,47699
13275960300,41406
13275960400,43088
13275960500,53000
13275960600,40000
13275960700,30000
13275960800,37862
13275960900,48185
13275961000,58810
13275961100,41767
13277960100,73005
13277960200,53894
13277960300,51833
13277960400,41836
13277960500,70197
13277960600,32754
13277960700,30781
13277960800,36750
13277960900,40190
13279970100,29974
13279970200,35891
13279970300,58385
13279970400,38470
13279970500,30938
13279970600,47429
13281960100,42380
13281960200,51289
13281960300,48777
13283960100,28347
13283960200,33750
13285960100,43370
13285960201,70613
13285960202,69211
13285960300,72292
13285960400,36595
13285960501,40448
13285960502,47232
13285960600,32105
13285960700,48929
13285960800,21152
13285960901,29060
13285960902,62880
13285961000,39618
13285961100,65144
13287970200,35952
13287970300,41577
13289060100,33868
13289060200,35821
13291000101,44278
13291000102,52422
13291000201,55110
13291000203,49865
13291000204,49118
13291000205,53103
13293010100,49605
13293010201,31476
13293010202,47500
13293010300,44623
13293010400,36538
13293010500,30085
13293010600,40406
13295020100,38100
13295020200,32804
13295020301,38875
13295020302,41194
13295020400,80491
13295020501,60383
13295020502,53326
13295020601,64796
13295020602,46389
13295020700,32381
13295020800,48646
13295020901,53516
13295020902,56908
13297110100,76528
13297110200,57036
13297110300,34928
13297110400,38934
13297110503,83704
13297110504,65000
13297110505,74803
13297110506,84405
13297110507,71205
13297110508,69730
13297110601,76173
13297110602,75815
13297110603,55620
13297110700,51042
13297110800,57397
13299950100,51023
13299950200,49969
13299950300,29304
13299950400,16836
13299950500,44459
13299950600,48663
13299950700,24364
13299950800,29491
13299950900,31800
13301970400,31392
13301970500,42153
13303950100,52045
13303950300,35824
13303950400,36880
13303950500,41339
13303950700,37000
13305970100,50500
13305970200,41276
13305970300,39091
13305970400,51000
13305970500,48266
13305970600,51250
13307960100,45266
13307960200,35236
13309780100,29770
13309780200,30709
13311950100,59265
13311950201,43843
13311950202,53750
13311950203,55950
13311950300,57096
13313000101,56466
13313000102,60046
13313000200,44076
13313000301,44853
13313000302,52575
13313000400,39538
13313000501,63125
13313000502,35058
13313000600,59231
13313000700,49917
13313000800,53036
13313000900,64093
13313001000,42533
13313001100,38083
13313001200,43678
13313001300,35507
13313001400,59659
13313001500,54724
13315960100,31513
13315960200,37594
13315960300,54375
13315960400,36169
13317010101,36174
13317010102,41176
13317010301,47400
13317010302,32024
13319960200,50885
13319960300,36157
13319960400,31801
13321950100,47125
13321950200,45455
13321950400,41532
13321950500,44297
13321950600,54896